UID,POKEDEX,NAME,LEVEL,TYPE1,TYPE2,ATK1,ATK2,ATK3,NEXT_LEVEL,EVOLUTION,MEGA,GENERATION,TRAINNER,PREEVOLUCION
281962071607123,001,Bulbasaur,1,GRASS,POISON,ViWhip2,Tackle1,000,2,002,No,1,Starter,""
281962071593043,001,Bulbasaur,1,GRASS,POISON,ViWhip2,Tackle1,000,2,002,No,1,Starter,""
281962071592787,002,Ivysaur,3,GRASS,POISON,TaDown2,RaLeaf3,000,2,003,No,1,"Wild ",""
281962071604819,002,Ivysaur,3,GRASS,POISON,TaDown2,RaLeaf3,000,2,003,No,1,Evolution,""
281962091867475,002,Ivysaur,3,GRASS,POISON,TaDown2,RaLeaf3,000,2,003,No,1,Evolution,""
281962071592531,003,Venusaur,5,GRASS,POISON,DEgde3,SoBeam4,000,0,M003,Yes,1,"Wild ",""
281962071621203,003,Venusaur,5,GRASS,POISON,DEgde3,SoBeam4,000,0,M003,Yes,1,Evolution,""
281962071632211,003,Venusaur,5,GRASS,POISON,DEgde3,SoBeam4,000,0,M003,Yes,1,Evolution,""
281962071600979,003,Venusaur,5,GRASS,POISON,DEgde3,SoBeam4,000,0,M003,Yes,1,Evolution,""
M00001,M003,"Mega Venasaur",5,GRASS,POISON,SlBomb3,PeDance4,000,0,003,Yes,1,Mega,""
M00002,M003,"Mega Venasaur",5,GRASS,POISON,SlBomb3,PeDance4,000,0,003,Yes,1,Mega,""
281962071609683,004,Charmander,1,FIRE,NONE,Ember2,Scratch1,000,2,005,No,1,Starter,""
281962071587155,004,Charmander,1,FIRE,NONE,Ember2,Scratch1,000,2,005,No,1,Starter,""
281962071590483,005,Charmeleon,3,FIRE,NONE,Flamethrower3,Slash2,000,2,006,No,1,"Wild ",""
281962071615827,005,Charmeleon,3,FIRE,NONE,Flamethrower3,Slash2,000,2,006,No,1,Evolution,""
281962071598931,005,Charmeleon,3,FIRE,NONE,Flamethrower3,Slash2,000,2,006,No,1,Evolution,""
281962071593299,006,Charizard,5,FIRE,FLYING,FSpin4,WiAttack3,000,0,MX006,Yes,1,"Wild ",""
281962071621459,006,Charizard,5,FIRE,FLYING,FSpin4,WiAttack3,000,0,MX006,Yes,1,Evolution,""
281962071621971,006,Charizard,5,FIRE,FLYING,FSpin4,WiAttack3,000,0,MX006,Yes,1,Evolution,""
281962071601491,006,Charizard,5,FIRE,FLYING,FSpin4,WiAttack3,000,0,MX006,Yes,1,Evolution,""
M00003,MX006,"Mega Charizard X",5,FIRE,DRAGON,DClaw3,Inferno3,000,0,006,Yes,1,Mega,""
M00004,MX006,"Mega Charizard X",5,FIRE,DRAGON,DClaw3,Inferno3,000,0,006,Yes,1,Mega,""
M00005,MY006,"Mega Charizard Y",5,"FIRE ",FLYING,ASlash3,Inferno3,000,0,000,Yes,1,Mega,006
M00006,MY006,"Mega Charizard Y",5,"FIRE ",FLYING,ASlash3,Inferno3,000,0,000,Yes,1,Mega,006
281962071606867,007,Squirtle,1,WATER,NONE,Bubble2,Tackle1,000,2,008,No,1,Starter,""
281962071588691,007,Squirtle,1,WATER,NONE,Bubble2,Tackle1,000,2,008,No,1,Starter,""
281962071588435,008,Wartortle,3,WATER,NONE,WaPulse3,Bite2,000,2,009,No,1,"Wild ",""
281962071605075,008,Wartortle,3,WATER,NONE,WaPulse3,Bite2,000,2,009,No,1,Evolution,""
281962071598675,008,Wartortle,3,WATER,NONE,WaPulse3,Bite2,000,2,009,No,1,Evolution,""
281962071591251,009,Blastoise,5,WATER,NONE,HPump4,SkBash3,000,0,M009,Yes,1,"Wild ",""
281962071628115,009,Blastoise,5,WATER,NONE,HPump4,SkBash3,000,0,M009,Yes,1,Evolution,""
281962071619155,009,Blastoise,5,WATER,NONE,HPump4,SkBash3,000,0,M009,Yes,1,Evolution,""
281962071601235,009,Blastoise,5,WATER,NONE,HPump4,SkBash3,000,0,M009,Yes,1,Evolution,""
M00007,M009,"Mega Blastoise",5,WATER,NONE,FCannon3,Scald3,000,0,009,Yes,1,Mega,""
M00008,M009,"Mega Blastoise",5,WATER,NONE,FCannon3,Scald3,000,0,009,Yes,1,Mega,""
281961909373267,010,Caterpie,1,BUG,NONE,StShot0,Tackle1,000,1,011,No,1,"Wild ",""
281961909376083,011,Metapod,2,BUG,NONE,Harden0,Tackle1,000,1,012,No,1,"Wild ",""
281962071662163,011,Metapod,2,BUG,NONE,Harden0,Tackle1,000,1,012,No,1,Evolution,""
281962071590739,012,Butterfree,3,BUG,FLYING,Psybeam2,Gust2,000,0,000,No,1,"Wild ",""
281962071635539,012,Butterfree,3,BUG,FLYING,Psybeam2,Gust2,000,0,000,No,1,Evolution,""
281962071640147,012,Butterfree,3,BUG,FLYING,Psybeam2,Gust2,000,0,000,No,1,Evolution,""
281961909375571,013,Weedle,1,BUG,POISON,PoSting1,StShot0,000,1,014,No,1,"Wild ",""
281961931690579,014,Kakuna,2,BUG,POISON,PoSting1,Harden0,000,1,015,No,1,"Wild ",""
281962071664979,014,Kakuna,2,BUG,POISON,PoSting1,Harden0,000,1,015,No,1,Evolution,""
281962071590995,015,Beedrill,3,BUG,POISON,Twineedle1,PoJab3,000,0,M015,Yes,1,"Wild ",""
281962071640403,015,Beedrill,3,BUG,POISON,Twineedle1,PoJab3,000,0,M015,Yes,1,Evolution,""
281962071638099,015,Beedrill,3,BUG,POISON,Twineedle1,PoJab3,000,0,M015,Yes,1,Evolution,""
M00009,M015,"Mega Beedrill",3,BUG,POISON,PoJab3,X-Scissor3,000,0,015,Yes,1,Mega,""
M00010,M015,"Mega Beedrill",3,BUG,POISON,PoJab3,X-Scissor3,000,0,015,Yes,1,Mega,""
281961909375315,016,Pidgey,1,NORMAL,FLYING,SaAttack0,Gust2,000,2,017,No,1,"Wild ",""
281961909378131,017,Pidgeotto,3,NORMAL,FLYING,QAttack2,WiAttack3,000,2,018,No,1,"Wild ",""
281962071610963,017,Pidgeotto,3,NORMAL,FLYING,QAttack2,WiAttack3,000,2,018,No,1,Evolution,""
281962071647827,018,Pidgeot,5,NORMAL,FLYING,MMove0,ASlash3,000,0,M018,Yes,1,"Wild ",""
281962071656787,018,Pidgeot,5,NORMAL,FLYING,MMove0,ASlash3,000,0,M018,Yes,1,Evolution,""
281962071656531,018,Pidgeot,5,NORMAL,FLYING,MMove0,ASlash3,000,0,M018,Yes,1,Evolution,""
M00011,M018,"Mega Pidgeot",5,FLYING,NORMAL,StWing2,Hurricane4,000,0,018,Yes,1,Mega,""
M00012,M018,"Mega Pidgeot",5,FLYING,NORMAL,StWing2,Hurricane4,000,0,018,Yes,1,Mega,""
281961909377875,019,Rattata,1,NORMAL,NONE,QAttack2,TaWhip0,000,2,020,No,1,"Wild ",""
281961909377619,020,Raticate,3,NORMAL,NONE,SuFang2,Bite2,000,0,000,No,1,"Wild ",""
281962071611219,020,Raticate,3,NORMAL,NONE,SuFang2,Bite2,000,0,000,No,1,Evolution,""
281961909377363,021,Spearow,1,NORMAL,FLYING,Leer0,Peck2,000,3,022,No,1,"Wild ",""
281961909380179,022,Fearow,4,NORMAL,FLYING,DPeck3,DrillRun2,000,0,000,No,1,"Wild ",""
281962071607379,022,Fearow,4,NORMAL,FLYING,DPeck3,DrillRun2,000,0,000,No,1,Evolution,""
281961909381971,023,Ekans,1,POISON,NONE,PoSting1,Bite2,000,2,024,No,1,"Wild ",""
281961931690835,024,Arbok,3,POISON,NONE,AcidSpray2,Crunch2,000,0,000,No,1,"Wild ",""
281962071613523,024,Arbok,3,POISON,NONE,AcidSpray2,Crunch2,000,0,000,No,1,Evolution,""
0000031,172,Pichu,0,ELECTRIC,NONE,ThWave0,PlayNice0,000,1,025,No,2,"Wild ",""
281961909395795,025,Pikachu,1,ELECTRIC,NONE,ThShock2,QAttack1,000,2,026,No,1,"Wild ",""
0000032,025,Pikachu,1,ELECTRIC,NONE,ThShock2,QAttack1,000,2,026,No,1,Evolution,""
281962071648083,026,Raichu,3,ELECTRIC,NONE,ThBolt3,Slam2,000,0,000,No,1,"Wild ",""
0000033,026,Raichu,3,ELECTRIC,NONE,ThBolt3,Slam2,000,0,000,No,1,Evolution,""
281962071630163,026,Raichu,3,ELECTRIC,NONE,ThBolt3,Slam2,000,0,000,No,1,Evolution,""
281961909382227,027,Sandshrew,1,GROUND,NONE,PoSting1,SaAttack0,000,2,028,No,1,"Wild ",""
281961909388115,028,Sandslash,3,GROUND,NONE,SaTomb2,Slash2,000,0,000,No,1,"Wild ",""
281962091867731,028,Sandslash,3,GROUND,NONE,SaTomb2,Slash2,000,0,000,No,1,Evolution,""
281961909379411,029,Nidoran,1,POISON,NONE,PoSting1,Scratch1,000,2,030,No,1,"Wild ",""
281961909384275,030,Nidorina,3,POISON,NONE,FSwipes1,Bite2,000,2,031,No,1,"Wild ",""
281962071639891,030,Nidorina,3,POISON,NONE,FSwipes1,Bite2,000,2,031,No,1,Evolution,""
281962071648595,031,Nidoqueen,5,POISON,GROUND,EarthPower3,Superpower3,000,0,000,No,1,"Wild ",""
281962071641939,031,Nidoqueen,5,POISON,GROUND,EarthPower3,Superpower3,000,0,000,No,1,Evolution,""
281962071652691,031,Nidoqueen,5,POISON,GROUND,EarthPower3,Superpower3,000,0,000,No,1,Evolution,""
281961909381715,032,Nidoran,1,POISON,NONE,PoSting1,Peck1,000,2,033,No,1,"Wild ",""
281961909384019,033,Nidorino,3,POISON,NONE,DKick2,HAttack2,000,2,034,No,1,"Wild ",""
281962071638355,033,Nidorino,3,POISON,NONE,DKick2,HAttack2,000,2,034,No,1,Evolution,""
281962071648339,034,Nidoking,5,POISON,GROUND,EarthPower3,MHorn3,000,0,000,No,1,"Wild ",""
281962071646035,034,Nidoking,5,POISON,GROUND,EarthPower3,MHorn3,000,0,000,No,1,Evolution,""
281962071643987,034,Nidoking,5,POISON,GROUND,EarthPower3,MHorn3,000,0,000,No,1,Evolution,""
0000042,173,Cleffa,0,FAIRY,NONE,SwKiss0,Sing0,000,2,035,No,2,"Wild ",""
281961909381459,035,Clefairy,1,FAIRY,NONE,DVoice2,Growl0,000,3,036,No,1,"Wild ",""
0000043,035,Clefairy,1,FAIRY,NONE,DVoice2,Growl0,000,3,036,No,1,Evolution,""
281962071645779,036,Clefable,4,FAIRY,NONE,Moonblast3,Metronome0,000,0,000,No,1,"Wild ",""
281962071642195,036,Clefable,4,FAIRY,NONE,Moonblast3,Metronome0,000,0,000,No,1,Evolution,""
0000044,036,Clefable,4,FAIRY,NONE,Moonblast3,Metronome0,000,0,000,No,1,Evolution,""
281961909379667,037,Vulpix,2,FIRE,NONE,CRay0,Ember2,000,3,038,No,1,"Wild ",""
281961909379923,038,Ninetales,5,FIRE,NONE,Flamethrower3,Extrasensory2,000,0,000,No,1,"Wild ",""
281962071636307,038,Ninetales,5,FIRE,NONE,Flamethrower3,Extrasensory2,000,0,000,No,1,Evolution,""
"",174,Igglybuff,0,NORMAL,FAIRY,SwKiss0,DCurl0,000,1,039,No,1,"Wild ",""
281961909398611,039,Jigglypuff,1,NORMAL,FAIRY,Pound2,Sing0,000,3,040,No,1,"Wild ",""
"",039,Jigglypuff,1,NORMAL,FAIRY,Pound2,Sing0,000,3,040,No,1,Evolution,""
281962071654483,040,Wigglytuff,4,NORMAL,FAIRY,PlRough3,BSlam3,000,0,000,No,1,"Wild ",""
281962071644243,040,Wigglytuff,4,NORMAL,FAIRY,PlRough3,BSlam3,000,0,000,No,1,Evolution,""
0000049,040,Wigglytuff,4,NORMAL,FAIRY,PlRough3,BSlam3,000,0,000,No,1,Evolution,""
281961909398099,041,Zubat,1,POISON,FLYING,Supersonic0,Astonish1,000,2,042,No,1,"Wild ",""
281961909398355,042,Golbat,3,POISON,FLYING,CRay0,ASlash3,000,2,169,No,1,"Wild ",""
281962091867987,042,Golbat,3,POISON,FLYING,CRay0,ASlash3,000,2,169,No,1,Evolution,""
0000052,169,Crobat,5,POISON,FLYING,CrossPoison3,ASlash3E,000,0,000,No,2,"Wild ",""
0000052,169,Crobat,5,POISON,FLYING,CrossPoison3,ASlash3E,000,0,000,No,2,Evolution,""
0000052,169,Crobat,5,POISON,FLYING,CrossPoison3,ASlash3E,000,0,000,No,2,Evolution,""
281961909383507,043,Oddish,2,GRASS,POISON,PoPowder0,Absorb2,000,2,044,No,1,"Wild ",""
281961909397843,044,Gloom,4,GRASS,POISON,SlPowder0,MegaDrain3,000,1,045/182,No,1,"Wild ",""
281962071617363,044,Gloom,4,GRASS,POISON,SlPowder0,MegaDrain3,000,1,045/182,No,1,Evolution,""
281962071654739,045,Vileplume,5,GRASS,POISON,PeBlizzard3,Acid2,000,0,000,No,1,"Wild ",""
281962071656019,045,Vileplume,5,GRASS,POISON,PeBlizzard3,Acid2,000,0,000,No,1,Evolution,""
281962071656275,045,Vileplume,5,GRASS,POISON,PeBlizzard3,Acid2,000,0,000,No,1,Evolution,""
0000056,182,Bellossom,5,GRASS,GRASS,Moonblast2,PeDance4,000,0,000,No,2,"Wild ",""
0000056,182,Bellossom,5,GRASS,GRASS,Moonblast2,PeDance4,000,0,000,No,2,Evolution,""
281961909400659,046,Paras,1,BUG,GRASS,StSpore0,Scratch1,000,1,047,No,1,"Wild ",""
281961909400403,047,Parasect,3,BUG,GRASS,Spore0,X-Scissor3,000,0,000,No,1,"Wild ",""
281962071619411,047,Parasect,3,BUG,GRASS,Spore0,X-Scissor3,000,0,000,No,1,Evolution,""
281961909392211,048,Venonat,2,BUG,POISON,PoPowder0,Psybeam2,000,2,049,No,1,"Wild ",""
281961909391955,049,Venomoth,4,BUG,POISON,Psychic2,LLife3,000,0,000,No,1,"Wild ",""
281962071613779,049,Venomoth,4,BUG,POISON,Psychic2,LLife3,000,0,000,No,1,Evolution,""
281961909391699,050,Diglett,1,GROUND,NONE,SaAttack0,Scratch1,000,2,051,No,1,"Wild ",""
281961909394515,051,Dugtrio,3,GROUND,NONE,SuckerPunch2,Dig3,000,0,000,No,1,"Wild ",""
281962071619923,051,Dugtrio,3,GROUND,NONE,SuckerPunch2,Dig3,000,0,000,No,1,Evolution,""
281961909393747,052,Meowth,2,NORMAL,NONE,FSwipes1,PDay2,000,2,053,No,1,"Wild ",""
281961909396563,053,Persian,4,NORMAL,NONE,Slash3,Bite2,000,0,000,No,1,"Wild ",""
281962071615315,053,Persian,4,NORMAL,NONE,Slash3,Bite2,000,0,000,No,1,Evolution,""
281961909390163,054,Psyduck,2,WATER,NONE,Confusion1,WaGun2,000,2,054,No,1,"Wild ",""
281961909389907,055,Golduck,4,WATER,NONE,ZeHeadbutt2,ATail3,000,0,000,No,1,"Wild ",""
281962071613011,055,Golduck,4,WATER,NONE,ZeHeadbutt2,ATail3,000,0,000,No,1,Evolution,""
281961909389651,056,Mankey,1,FIGHTING,NONE,LKick2,Scratch1,000,2,057,No,1,"Wild ",""
281961931691091,057,Primeape,3,FIGHTING,NONE,SToss0,RageFist1,000,0,000,No,1,"Wild ",""
281962071613267,057,Primeape,3,FIGHTING,NONE,SToss0,RageFist1,000,0,000,No,1,Evolution,""
281961909396307,058,Growlithe,2,FIRE,NONE,Ember2,Bite2,000,3,059,No,1,"Wild ",""
281961909396051,059,Arcanine,5,FIRE,NONE,FBlitz4,ExtremeSpeed2,000,0,000,No,1,"Wild ",""
281962071624019,059,Arcanine,5,FIRE,NONE,FBlitz4,ExtremeSpeed2,000,0,000,No,1,Evolution,""
281961909390419,060,Poliwag,1,WATER,NONE,Hypnosis0,WaGun2,000,2,061,No,1,"Wild ",""
281961909387603,061,Poliwhirl,3,WATER,NONE,BSlam2,BBeam3,000,2,062/186,No,1,"Wild ",""
281962071617875,061,Poliwhirl,3,WATER,NONE,BSlam2,BBeam3,000,2,062/186,No,1,Evolution,""
281962071651923,062,Poliwrath,5,WATER,FIGHTING,DEgde3,Submission3,000,0,000,No,1,"Wild ",""
281962071654227,062,Poliwrath,5,WATER,FIGHTING,DEgde3,Submission3,000,0,000,No,1,Evolution,""
281962071664723,062,Poliwrath,5,WATER,FIGHTING,DEgde3,Submission3,000,0,000,No,1,Evolution,""
0000074,186,Politoed,5,WATER,NONE,DEgde3,BBeam3,000,0,000,No,2,"Wild ",""
0000074,186,Politoed,5,WATER,NONE,DEgde3,BBeam3,000,0,000,No,2,Evolution,""
281961909394003,063,Abra,1,PSYCHIC,NONE,Teleport0,000,000,2,064,No,1,"Wild ",""
281961909387859,064,Kadabra,3,PSYCHIC,NONE,Psybeam3,Disable0,000,2,065,No,1,"Wild ",""
281962071608915,064,Kadabra,3,PSYCHIC,NONE,Psybeam3,Disable0,000,2,065,No,1,Evolution,""
281962071652179,065,Alakazam,5,PSYCHIC,NONE,FSight4,Recover0,000,0,M065,Yes,1,"Wild ",""
281962071627859,065,Alakazam,5,PSYCHIC,NONE,FSight4,Recover0,000,0,M065,Yes,1,Evolution,""
281962071627603,065,Alakazam,5,PSYCHIC,NONE,FSight4,Recover0,000,0,M065,Yes,1,Evolution,""
M00013,M065,"Mega Alakazam",5,PSYCHIC,NONE,DGleam2,FSight4,000,0,065,Yes,1,Mega,""
M00014,M065,"Mega Alakazam",5,PSYCHIC,NONE,DGleam2,FSight4,000,0,065,Yes,1,Mega,""
281961909392467,066,Machop,1,FIGHTING,NONE,LKick2,Leer0,000,2,067,No,1,"Wild ",""
281961909388371,067,Machoke,3,FIGHTING,NONE,VitalThrow3,KnockOff2,000,2,068,No,1,"Wild ",""
281962071615059,067,Machoke,3,FIGHTING,NONE,VitalThrow3,KnockOff2,000,2,068,No,1,Evolution,""
281962071652435,068,Machamp,5,FIGHTING,NONE,DEgde3,CrossChop3,000,0,000,No,1,"Wild ",""
281962071629395,068,Machamp,5,FIGHTING,NONE,DEgde3,CrossChop3,000,0,000,No,1,Evolution,""
281962071629651,068,Machamp,5,FIGHTING,NONE,DEgde3,CrossChop3,000,0,000,No,1,Evolution,""
281962071660627,069,Bellsprout,2,GRASS,POISON,PoPowder0,ViWhip2,000,2,070,No,1,"Wild ",""
281961909385555,070,Weepinbell,4,GRASS,POISON,RaLeaf3,Acid2,000,1,071,No,1,"Wild ",""
281962071619667,070,Weepinbell,4,GRASS,POISON,RaLeaf3,Acid2,000,1,071,No,1,Evolution,""
281961909385811,071,Victreebel,5,GRASS,POISON,PoJab3,LBlade3,000,0,000,No,1,"Wild ",""
281962071646291,071,Victreebel,5,GRASS,POISON,PoJab3,LBlade3,000,0,000,No,1,Evolution,""
281962071646547,071,Victreebel,5,GRASS,POISON,PoJab3,LBlade3,000,0,000,No,1,Evolution,""
281961909386067,072,Tentacool,1,WATER,POISON,Wrap1,Acid2,000,3,073,No,1,"Wild ",""
281961909386323,073,Tentacruel,4,WATER,POISON,PoJab3,BBeam3,000,0,000,No,1,"Wild ",""
281962071636051,073,Tentacruel,4,WATER,POISON,PoJab3,BBeam3,000,0,000,No,1,Evolution,""
281962071660371,074,Geodude,1,ROCK,GROUND,DCurl0,Tackle1,000,2,075,No,1,"Wild ",""
281961909400147,075,Graveler,3,ROCK,GROUND,RockBlast1,Sandstorm0,000,2,076,No,1,"Wild ",""
281962071637843,075,Graveler,3,ROCK,GROUND,RockBlast1,Sandstorm0,000,2,076,No,1,Evolution,""
281961909399891,076,Golem,5,ROCK,GROUND,SeDestruct4,Earthquake3,000,0,000,No,1,"Wild ",""
281962091868243,076,Golem,5,ROCK,GROUND,SeDestruct4,Earthquake3,000,0,000,No,1,Evolution,""
281962071623251,076,Golem,5,ROCK,GROUND,SeDestruct4,Earthquake3,000,0,000,No,1,Evolution,""
281962071660115,077,Ponyta,2,FIRE,NONE,FCharge2E,Stomp2,000,2,078,No,1,"Wild ",""
281961909402195,078,Rapidash,4,FIRE,NONE,SmartStrike2,FSpin4,000,0,000,No,1,"Wild ",""
281962071644499,078,Rapidash,4,FIRE,NONE,SmartStrike2,FSpin4,000,0,000,No,1,Evolution,""
281962071662931,079,Slowpoke,2,WATER,PSYCHIC,Confusion2,WaGun2,000,2,80/199,No,1,"Wild ",""
281961909139027,080,Slowbro,4,WATER,PSYCHIC,ZeHeadbutt3,Surf3,000,0,M080,Yes,1,"Wild ",""
281962071664467,080,Slowbro,4,WATER,PSYCHIC,ZeHeadbutt3,Surf3,000,0,M080,Yes,1,Evolution,""
M00015,M080,"Mega Slowbro",4,WATER,PSYCHIC,ZeHeadbutt3,Blizzard3,000,0,080,Yes,1,Mega,""
M00016,M080,"Mega Slowbro",4,WATER,PSYCHIC,ZeHeadbutt3,Blizzard3,000,0,080,Yes,1,Mega,""
0000095,199,Slowking,4,WATER,PSYCHIC,WaPulse3,Psychic3,000,0,000,No,2,"Wild ",""
0000095,199,Slowking,4,WATER,PSYCHIC,WaPulse3,Psychic3,000,0,000,No,2,Evolution,""
281961909138771,081,Magnemite,2,ELECTRIC,STEEL,ThShock2,SonicBoom2,000,2,082,No,1,"Wild ",""
281961909141075,082,Magneton,4,ELECTRIC,STEEL,MeSound0,ThBolt3,000,0,000,No,1,"Wild ",""
281962071629907,082,Magneton,4,ELECTRIC,STEEL,MeSound0,ThBolt3,000,0,000,No,1,Evolution,""
281961909140819,083,Farfetchd,3,NORMAL,FLYING,FuAttack1,Peck2,000,0,000,No,1,"Wild ",""
281961909140563,084,Doduo,2,NORMAL,FLYING,FuAttack1,Peck2,000,2,085,No,1,"Wild ",""
281961909402707,085,Dodrio,4,NORMAL,FLYING,DPeck3,Lunge2,000,0,000,No,1,"Wild ",""
281962071617619,085,Dodrio,4,NORMAL,FLYING,DPeck3,Lunge2,000,0,000,No,1,Evolution,""
281961909402451,086,Seel,2,WATER,NONE,Headbutt2,WaGun2,000,2,087,No,1,"Wild ",""
281961909401939,087,Dewgong,4,WATER,ICE,IBeam3,BBeam3,000,0,000,No,1,"Wild ",""
281962071650387,087,Dewgong,4,WATER,ICE,IBeam3,BBeam3,000,0,000,No,1,Evolution,""
281962071574867,088,Grimer,1,POISON,NONE,PoGas0,Pound1,000,3,089,No,1,"Wild ",""
281962071574611,089,Muk,4,POISON,NONE,SludgeWave3,Mimimize0,000,0,000,No,1,"Wild ",""
281962071633747,089,Muk,4,POISON,NONE,SludgeWave3,Mimimize0,000,0,000,No,1,Evolution,""
281962071578963,090,Shellder,2,WATER,NONE,Supersonic0,WaGun2,000,2,091,No,1,"Wild ",""
281962071662675,091,Cloyster,4,WATER,NONE,Icicle1,Whirlpool2,000,0,000,No,1,"Wild ",""
281962071641683,091,Cloyster,4,WATER,NONE,Icicle1,Whirlpool2,000,0,000,No,1,Evolution,""
281962071578707,092,Gastly,2,GHOST,POISON,CRay0,Hypnosis0,000,1,093,No,1,"Wild ",""
281962091869523,093,Haunter,3,GHOST,POISON,SuckerPunch2,Hex3,000,2,094,No,1,"Wild ",""
281962071607635,093,Haunter,3,GHOST,POISON,SuckerPunch2,Hex3,000,2,094,No,1,Evolution,""
281962071658835,094,Gengar,5,GHOST,POISON,DPulse2,NShade3,000,0,M094,Yes,1,"Wild ",""
281962071626067,094,Gengar,5,GHOST,POISON,DPulse2,NShade3,000,0,M094,Yes,1,Evolution,""
281962071625811,094,Gengar,5,GHOST,POISON,DPulse2,NShade3,000,0,M094,Yes,1,Evolution,""
M00017,M094,"Mega Gengar",6,GHOST,NONE,ShBall3,DEater0,000,0,094,Yes,1,Mega,""
M00018,M094,"Mega Gengar",6,GHOST,NONE,ShBall3,DEater0,000,0,094,Yes,1,Mega,""
281962071671123,095,Onix,3,ROCK,GROUND,RoThrow2,Bind1,000,2,208,No,1,"Wild ",""
0000113,208,Steelix,5,STEEL,GROUND,SaTomb2,IrTail3,000,0,M206,Yes,2,"Wild ",""
0000113,208,Steelix,5,STEEL,GROUND,SaTomb2,IrTail3,000,0,M206,Yes,2,Evolution,""
0000114,M206,"Mega Steelix",5,STEEL,NONE,Earthquake3,RoSlide2,000,0,206,Yes,2,Mega,""
0000114,M206,"Mega Steelix",5,STEEL,NONE,Earthquake3,RoSlide2,000,0,206,Yes,2,Mega,""
281962071570259,096,Drowzee,2,PSYCHIC,NONE,Headbutt2,Hypnosis0,000,2,097,No,1,"Wild ",""
281962071668307,097,Hypno,4,PSYCHIC,NONE,NastyPlot0,Psychic3,000,0,000,No,1,"Wild ",""
281962071615571,097,Hypno,4,PSYCHIC,NONE,NastyPlot0,Psychic3,000,0,000,No,1,Evolution,""
281961909140307,098,Krabby,2,WATER,NONE,MeClaw2,WaGun2,000,2,099,No,1,"Wild ",""
281961909143123,099,Kingler,4,WATER,NONE,CHammer3,Stomp2,000,0,000,No,1,"Wild ",""
281962071635795,099,Kingler,4,WATER,NONE,CHammer3,Stomp2,000,0,000,No,1,Evolution,""
281961909142867,100,Voltorb,2,ELECTRIC,NONE,Charge0,Rollout1,000,2,101,No,1,"Wild ",""
281962071576147,101,Electrode,4,ELECTRIC,NONE,SeDestruct4,Discharge3,000,0,000,No,1,"Wild ",""
281962071611731,101,Electrode,4,ELECTRIC,NONE,SeDestruct4,Discharge3,000,0,000,No,1,Evolution,""
281962071668563,102,Exeggcute,2,GRASS,PSYCHIC,Hypnosis0,Absorb2,000,3,103,No,1,"Wild ",""
281962071576403,103,Exeggutor,5,GRASS,PSYCHIC,GigaDrain3,Psyshock3,000,0,000,No,1,"Wild ",""
281962071650643,103,Exeggutor,5,GRASS,PSYCHIC,GigaDrain3,Psyshock3,000,0,000,No,1,Evolution,""
281962071669075,104,Cubone,2,GROUND,NONE,MSlap2,Leer0,000,2,105,No,1,"Wild ",""
281962071576659,105,Marowak,4,GROUND,NONE,Bonemerang2E,Headbutt2,000,0,000,No,1,"Wild ",""
281962071642451,105,Marowak,4,GROUND,NONE,Bonemerang2E,Headbutt2,000,0,000,No,1,Evolution,""
0000125,236,Tyrogue,1,FIGHTING,NONE,FakeOut1,Tackle1,000,3,106/107/237,No,2,"Wild ",""
281962071570771,106,Hitmonlee,4,FIGHTING,NONE,BrickBreak3,BlazeKick2,000,0,000,No,1,"Wild ",""
0000126,106,Hitmonlee,4,FIGHTING,NONE,BrickBreak3,BlazeKick2,000,0,000,No,1,Evolution,""
281962071567955,107,Hitmonchan,4,FIGHTING,NONE,DrainPunch3,IPunch3,000,0,000,No,1,"Wild ",""
0000127,107,Hitmonchan,4,FIGHTING,NONE,DrainPunch3,IPunch3,000,0,000,No,1,Evolution,""
0000128,237,Hitmontop,4,FIGHTING,NONE,TrKick1,Dig2,000,0,000,No,2,"Wild ",""
0000128,237,Hitmontop,4,FIGHTING,NONE,TrKick1,Dig2,000,0,000,No,2,Evolution,""
281962071570515,108,Lickitung,2,NORMAL,NONE,KnockOff2,Wrap1,000,0,000,No,1,"Wild ",""
281962071670867,109,Koffing,2,POISON,NONE,Smokescreen0,Smog2,000,2,110,No,1,"Wild ",""
281962071670611,110,Weezing,4,POISON,NONE,SlBomb3,Explosion5,000,0,000,No,1,"Wild ",""
281962091868499,110,Weezing,4,POISON,NONE,SlBomb3,Explosion5,000,0,000,No,1,Evolution,""
281962071670355,111,Rhyhorn,2,GROUND,ROCK,RockBlast1,HAttack2,000,2,112,No,1,"Wild ",""
281962071568211,112,Rhydon,4,GROUND,ROCK,HArm2,DrillRun3,000,0,000,No,1,"Wild ",""
281962071639635,112,Rhydon,4,GROUND,ROCK,HArm2,DrillRun3,000,0,000,No,1,Evolution,""
0000137,113,Chansey,3,NORMAL,NONE,TaDown3,SoftBoiled0,000,2,242,No,1,"Wild ",""
281962071570003,242,Blissey,5,NORMAL,NONE,DEdge4,HealPulse0,000,0,000,No,2,"Wild ",""
0000138,242,Blissey,5,NORMAL,NONE,DEdge4,HealPulse0,000,0,000,No,2,Evolution,""
281962071572819,114,Tangela,3,GRASS,NONE,MegaDrain3,Bind1,000,0,000,No,1,"Wild ",""
281962071572563,115,Kangaskhan,4,NORMAL,NONE,Headbutt3,Crunch2,000,0,M115,Yes,1,"Wild ",""
M00019,M115,"Mega Kangaskhan",4,NORMAL,NONE,HyBeam4,FoBlast3,000,0,115,Yes,1,Mega,""
281962071572307,116,Horsea,2,WATER,NONE,Smokescreen0,WaGun2,000,2,117,No,1,"Wild ",""
281962071572051,117,Seadra,4,WATER,NONE,DBreath2,BBeam3,000,2,230,No,1,"Wild ",""
281962071633491,117,Seadra,4,WATER,NONE,DBreath2,BBeam3,000,2,230,No,1,Evolution,""
0000145,230,Kingdra,6,WATER,DRAGON,HPump4,DrPulse3,000,0,000,No,2,"Wild ",""
0000145,230,Kingdra,6,WATER,DRAGON,HPump4,DrPulse3,000,0,000,No,2,Evolution,""
0000145,230,Kingdra,6,WATER,DRAGON,HPump4,DrPulse3,000,0,000,No,2,Evolution,""
281962071574355,118,Goldeen,1,WATER,NONE,Supersonic0,HAttack2,000,3,119,No,1,"Wild ",""
281962071574099,119,Seaking,4,WATER,NONE,WaFall3,MHorn3,000,0,000,No,1,"Wild ",""
281962071631955,119,Seaking,4,WATER,NONE,WaFall3,MHorn3,000,0,000,No,1,Evolution,""
281962071658579,120,Staryu,2,WATER,NONE,WaGun2,Swift2,000,3,121,No,1,"Wild ",""
281962071580243,121,Starmie,5,WATER,PSYCHIC,Psychic3,Surf3,000,0,000,No,1,"Wild ",""
281962071634259,121,Starmie,5,WATER,PSYCHIC,Psychic3,Surf3,000,0,000,No,1,Evolution,""
281962071576915,122,"Mr. Mime",4,PSYCHIC,FAIRY,DGleam3,Reflect0,000,0,000,No,1,"Wild ",""
281962071658323,123,Scyther,4,BUG,FLYING,Slash2,X-Scissor3,000,1,212,No,1,"Wild ",""
0000153,212,Scizor,5,BUG,STEEL,NSlash2,IrHead3,000,0,M212,Yes,2,"Wild ",""
0000153,212,Scizor,5,BUG,STEEL,NSlash2,IrHead3,000,0,M212,Yes,2,Evolution,""
0000154,M212,"Mega Scizor",5,BUG,NONE,NSlash2,X-Scissor3,000,0,212,Yes,2,Mega,""
0000154,M212,"Mega Scizor",5,BUG,NONE,NSlash2,X-Scissor3,000,0,212,Yes,2,Mega,""
0000155,238,Smoochum,1,ICE,PSYCHIC,PoSnow2,Pound1,000,3,124,No,2,"Wild ",""
281962071582803,124,Jynx,4,ICE,PSYCHIC,Confusion2,IPunch3,000,0,000,No,1,"Wild ",""
0000156,124,Jynx,4,ICE,PSYCHIC,Confusion2,IPunch3,000,0,000,No,1,Evolution,""
0000157,239,Elekid,1,ELECTRIC,NONE,ThShock2,QAttack1,000,3,125,No,2,"Wild ",""
281962071582547,125,Electabuzz,4,ELECTRIC,NONE,ThPunch3,Swift2,000,0,000,No,1,"Wild ",""
0000158,125,Electabuzz,4,ELECTRIC,NONE,ThPunch3,Swift2,000,0,000,No,1,Evolution,""
0000160,240,Magby,1,FIRE,NONE,Ember2,Smog1,000,3,126,No,2,"Wild ",""
281962071658067,126,Magmar,4,FIRE,NONE,CRay0,FPunch3,000,0,000,No,1,"Wild ",""
0000161,126,Magmar,4,FIRE,NONE,CRay0,FPunch3,000,0,000,No,2,Evolution,""
281962071660883,127,Pinsir,4,BUG,NONE,SToss0,X-Scissor3,000,0,M127,Yes,1,"Wild ",""
M00020,M127,"Mega Pinsir",4,BUG,NONE,SBug2,SToss0,000,0,127,Yes,1,Mega,""
281962071582291,128,Tauros,4,NORMAL,NONE,GImpact4,ZeHeadbutt2,000,0,000,No,1,"Wild ",""
281962071578451,129,Magikarp,1,WATER,NONE,Splash0,Tackle1,000,4,130,No,1,"Wild ",""
281962071578195,130,Gyarados,5,WATER,FLYING,Hurricane4,WaFall3,000,0,M130,Yes,1,"Wild ",""
281962071625299,130,Gyarados,5,WATER,FLYING,Hurricane4,WaFall3,000,0,M130,Yes,1,Evolution,""
M00021,M130s,"Mega Gyarados",5,WATER,NONE,WaPulse3,Crunch3,000,0,130s,Yes,1,Mega,""
M00022,M130s,"Mega Gyarados",5,WATER,NONE,WaPulse3,Crunch3,000,0,130s,Yes,1,Mega,""
281962071666259,131,Lapras,5,WATER,ICE,WaPulse3,IBeam3,000,0,000,No,1,"Wild ",""
281962071666515,132,Ditto,3,NORMAL,NONE,Transform0,000,000,0,000,No,1,"Wild ",""
281962071666771,133,Eevee,2,NORMAL,NONE,QAttack2,Bite2,000,3,000,No,1,"Wild ",""
0000174,196,Espeon,5,PSYCHIC,NONE,FSight4,Swift2,000,0,000,No,2,"Wild ",133
0000174,196,Espeon,5,PSYCHIC,NONE,FSight4,Swift2,000,0,000,No,2,Evolution,133
0000175,197,Umbreon,5,DARK,NONE,BabyDoll0,Snarl3,000,0,000,No,2,"Wild ",133
0000175,197,Umbreon,5,DARK,NONE,BabyDoll0,Snarl3,000,0,000,No,2,Evolution,133
281962071581011,134,Vaporeon,5,WATER,NONE,ABeam2,HPump4,000,0,000,No,1,"Wild ",133
281962071643731,134,Vaporeon,5,WATER,NONE,ABeam2,HPump4,000,0,000,No,1,Evolution,133
281962071584339,135,Jolteon,5,ELECTRIC,NONE,DKick2,Discharge3,000,0,000,No,1,"Wild ",133
281962071649875,135,Jolteon,5,ELECTRIC,NONE,DKick2,Discharge3,000,0,000,No,1,Evolution,133
281962071580499,136,Flareon,5,FIRE,NONE,FBlitz4,Bite2,000,0,000,No,1,"Wild ",133
281962071650131,136,Flareon,5,FIRE,NONE,FBlitz4,Bite2,000,0,000,No,1,Evolution,133
281962071667027,137,Porygon,3,NORMAL,NONE,Psybeam2,Conversion0,000,1,233,No,1,"Wild ",""
0000183,233,Porygon2,4,NORMAL,NONE,Conversion2,Psybeam2,000,0,000,No,2,"Wild ",""
0000183,233,Porygon2,4,NORMAL,NONE,Conversion2,Psybeam2,000,0,000,No,2,Evolution,""
281962071664211,138,Omanyte,2,ROCK,WATER,WaGun2,Bind1,000,2,139,No,1,"Wild ",""
281962071588947,139,Omastar,4,ROCK,WATER,Apower3,Surf3,000,0,000,No,1,"Wild ",""
281962071634003,139,Omastar,4,ROCK,WATER,Apower3,Surf3,000,0,000,No,1,Evolution,""
281962071662419,140,Kabuto,2,ROCK,WATER,AquaJet2,Absorb1,000,2,141,No,1,"Wild ",""
281962071584851,141,Kabutops,5,ROCK,WATER,Liquidation3,SEdge3,000,0,000,No,1,"Wild ",""
281962071631443,141,Kabutops,5,ROCK,WATER,Liquidation3,SEdge3,000,0,000,No,1,Evolution,""
281962071609171,142,Aerodactyl,5,ROCK,FLYING,RoSlide3,WiAttack3,000,0,M142,Yes,1,"Wild ",""
M00023,M142,"Mega Aerodactyl",5,ROCK,NONE,Apower3,IrHead2,000,0,142,Yes,1,Mega,""
281962071586387,143,Snorlax,5,NORMAL,NONE,BSlam3,HeavySlam,000,0,000,No,1,"Wild ",""
281962071609427,143,Snorlax,5,NORMAL,NONE,BSlam3,HeavySlam,000,0,000,No,1,"Wild ",""
0000193,144,Articuno,7,ICE,FLYING,IBeam3,Hurricane4,000,0,000,No,1,"Wild ",""
0000194,145,Zapdos,7,ELECTRIC,FLYING,Thunder4,DPeck3,000,0,000,No,1,"Wild ",""
0000195,146,Moltres,7,FIRE,FLYING,SkAttack4,HeatWave3,000,0,000,No,1,"Wild ",""
281962071605331,147,Dratini,2,DRAGON,NONE,ThWave0,Twister2,000,2,148,No,1,"Wild ",""
281962071586643,148,Dragonair,4,DRAGON,NONE,Dtail3,ATail2,000,2,149,No,1,"Wild ",""
281962071631699,148,Dragonair,4,DRAGON,NONE,Dtail3,ATail2,000,2,149,No,1,Evolution,""
281962071580755,149,Dragonite,6,DRAGON,FLYING,Outrage4E,HyBeam3,000,0,000,No,1,"Wild ",""
281962071627347,149,Dragonite,6,DRAGON,FLYING,Outrage4E,HyBeam3,000,0,000,No,1,Evolution,""
281962071625555,149,Dragonite,6,DRAGON,FLYING,Outrage4E,HyBeam3,000,0,000,No,1,Evolution,""
0000199,150,Mewtwo,7,PSYCHIC,NONE,Psystrike3,Swift2,000,0,M150X,Yes,1,"Wild ",""
M00024,M150X,"Mega Mewtwo X",7,PSYCHIC,FIGHTING,ASphere3,Psystrike3,000,2,150,Yes,1,Mega,""
M00025,M150Y,"Mega Mewtwo Y",7,PSYCHIC,NONE,PCut3,MFirst0,000,2,150,Yes,1,Mega,150
0000202,151,Mew,7,PSYCHIC,NONE,Asphere2,Psychic3,000,0,000,No,1,"Wild ",""
0000203,152,Chikorita,1,GRASS,NONE,Tackle1,Growl0,000,2,153,No,2,"Wild ",""
0000204,153,Bayleef,3,GRASS,NONE,LScreen0,RaLeaf3,000,2,154,No,2,"Wild ",""
0000204,153,Bayleef,3,GRASS,NONE,LScreen0,RaLeaf3,000,2,154,No,2,Evolution,""
0000205,154,Meganium,5,GRASS,NONE,PeDance4,BSlam2,000,0,000,No,2,"Wild ",""
0000205,154,Meganium,5,GRASS,NONE,PeDance4,BSlam2,000,0,000,No,2,Evolution,""
0000205,154,Meganium,5,GRASS,NONE,PeDance4,BSlam2,000,0,000,No,2,Evolution,""
0000206,155,Cindaquill,1,FIRE,NONE,Smokescreen0,Ember2,000,2,156,No,2,"Wild ",""
0000207,156,Quilava,3,FIRE,NONE,FlameWheel3,Swift2,000,2,157,No,2,"Wild ",""
0000207,156,Quilava,3,FIRE,NONE,FlameWheel3,Swift2,000,2,157,No,2,Evolution,""
0000208,157,Typhlosion,5,FIRE,NONE,TaDown2,Eruption4,000,0,000,No,2,"Wild ",""
0000208,157,Typhlosion,5,FIRE,NONE,TaDown2,Eruption4,000,0,000,No,2,Evolution,""
0000208,157,Typhlosion,5,FIRE,NONE,TaDown2,Eruption4,000,0,000,No,2,Evolution,""
0000209,158,Totodile,1,WATER,NONE,WaGun2,Scratch1,000,2,159,No,2,"Wild ",""
0000210,159,Croconaw,3,WATER,NONE,IFang2,ATail3,000,2,160,No,2,"Wild ",""
0000210,159,Croconaw,3,WATER,NONE,IFang2,ATail3,000,2,160,No,2,Evolution,""
0000211,160,Feraligatr,5,WATER,NONE,HPump4,Crunch2,000,0,000,No,2,"Wild ",""
0000211,160,Feraligatr,5,WATER,NONE,HPump4,Crunch2,000,0,000,No,2,Evolution,""
0000211,160,Feraligatr,5,WATER,NONE,HPump4,Crunch2,000,0,000,No,2,Evolution,""
0000212,161,Sentret,1,NORMAL,NONE,DCurl0,Scratch2,000,2,162,No,2,"Wild ",""
0000213,162,Furret,3,NORMAL,NONE,FSwipes1,SuckerPunch2,000,0,000,No,2,"Wild ",""
0000213,162,Furret,3,NORMAL,NONE,FSwipes1,SuckerPunch2,000,0,000,No,2,Evolution,""
0000214,163,Hoothoot,1,NORMAL,FLYING,Growl0,Peck2,000,3,164,No,2,"Wild ",""
0000215,164,Noctowl,4,NORMAL,FLYING,Extrasensory2,ASlash3E,000,0,000,No,2,"Wild ",""
0000215,164,Noctowl,4,NORMAL,FLYING,Extrasensory2,ASlash3E,000,0,000,No,2,Evolution,""
0000216,165,Ledyba,1,BUG,FLYING,Supersonic0,Tackle1,000,2,166,No,2,"Wild ",""
0000217,166,Ledian,3,BUG,FLYING,CometPunch1,SilverWind3,000,0,000,No,2,"Wild ",""
0000217,166,Ledian,3,BUG,FLYING,CometPunch1,SilverWind3,000,0,000,No,2,Evolution,""
0000218,167,Spinarak,1,BUG,POISON,PoSting1,Absorb1,000,2,168,No,2,"Wild ",""
0000219,168,Ariados,3,BUG,POISON,PoJab3,LLife3,000,0,000,No,2,"Wild ",""
0000219,168,Ariados,3,BUG,POISON,PoJab3,LLife3,000,0,000,No,2,Evolution,""
0000220,170,Chinchou,2,WATER,ELECTRIC,ThWave0,WaGun2,000,2,171,No,2,"Wild ",""
0000221,171,Lanturn,4,WATER,ELECTRIC,BBeam3,Spark3,000,0,000,No,2,"Wild ",""
0000221,171,Lanturn,4,WATER,ELECTRIC,BBeam3,Spark3,000,0,000,No,2,Evolution,""
0000222,175,Togepi,0,FAIRY,NONE,Metronome0,Growl0,000,2,176,No,2,"Wild ",""
0000223,176,Togetic,2,FAIRY,FLYING,FWind2,Metronome0,000,0,000,No,2,"Wild ",""
0000223,176,Togetic,2,FAIRY,FLYING,FWind2,Metronome0,000,0,000,No,2,Evolution,""
0000225,177,Natu,2,PSYCHIC,FLYING,CRay0,Peck2,000,2,178,No,2,"Wild ",""
0000226,178,Xatu,4,PSYCHIC,FLYING,NShade3,Psychic3,000,0,000,No,2,"Wild ",""
0000226,178,Xatu,4,PSYCHIC,FLYING,NShade3,Psychic3,000,0,000,No,2,Evolution,""
0000227,179,Mareep,1,ELECTRIC,NONE,Growl0,Tackle1,000,1,180,No,2,"Wild ",""
0000228,180,Flaaffy,2,ELECTRIC,NONE,ThShock2,ThWave0,000,2,181,No,2,"Wild ",""
0000228,180,Flaaffy,2,ELECTRIC,NONE,ThShock2,ThWave0,000,2,181,No,2,Evolution,""
0000229,181,Ampharos,4,ELECTRIC,NONE,LScreen0,Discharge3,000,0,M181,Yes,2,"Wild ",""
0000229,181,Ampharos,4,ELECTRIC,NONE,LScreen0,Discharge3,000,0,M181,Yes,2,Evolution,""
0000229,181,Ampharos,4,ELECTRIC,NONE,LScreen0,Discharge3,000,0,M181,Yes,2,Evolution,""
0000230,M181,"Mega Ampharos",5,ELECTRIC,NONE,CBeam2,DrPulse3,000,0,181,Yes,2,Mega,""
0000230,M181,"Mega Ampharos",5,ELECTRIC,NONE,CBeam2,DrPulse3,000,0,181,Yes,2,Mega,""
0000231,183,Marill,2,WATER,FAIRY,WaGun2,Rollout1,000,2,184,No,2,"Wild ",""
0000232,184,Azumarill,4,WATER,FAIRY,PlRough3,ATail3,000,0,000,No,2,"Wild ",""
0000232,184,Azumarill,4,WATER,FAIRY,PlRough3,ATail3,000,0,000,No,2,Evolution,""
0000233,185,Sudowoodo,3,ROCK,NONE,RoThrow2,Slam2,000,0,000,No,2,"Wild ",""
"",187,Hoppip,1,GRASS,FLYING,FWind2,Tackle1,000,1,188,No,2,"Wild ",""
"",188,Skiploom,2,GRASS,FLYING,SlPowder0,Absorb2,000,2,189,No,2,"Wild ",""
"",188,Skiploom,2,GRASS,FLYING,SlPowder0,Absorb2,000,2,189,No,2,Evolution,""
"",189,Jumpluff,4,GRASS,FLYING,BulletSeed1,Bounce3,000,0,000,No,2,"Wild ",""
"",189,Jumpluff,4,GRASS,FLYING,BulletSeed1,Bounce3,000,0,000,No,2,Evolution,""
"",189,Jumpluff,4,GRASS,FLYING,BulletSeed1,Bounce3,000,0,000,No,2,Evolution,""
"",190,Aipom,2,NORMAL,NONE,FuAttack1,SaAttack0,000,0,000,No,2,"Wild ",""
"",191,Sunkern,1,GRASS,NONE,Growth0,Absorb2,000,2,192,No,2,"Wild ",""
"",192,Sunflora,3,GRASS,NONE,SunnyDay0,RaLeaf3,000,0,000,No,2,"Wild ",""
"",192,Sunflora,3,GRASS,NONE,SunnyDay0,RaLeaf3,000,0,000,No,2,Evolution,""
"",193,Yanma,2,BUG,FLYING,DTeam0,SonicBoom2,000,3,000,No,2,"Wild ",""
"",194,Wooper,1,WATER,GROUND,WaGun2,TaWhip0,000,2,195,No,2,"Wild ",""
"",195,Quagsire,3,WATER,GROUND,Earthquake3,WaGun2,000,0,000,No,2,"Wild ",""
"",195,Quagsire,3,WATER,GROUND,Earthquake3,WaGun2,000,0,000,No,2,Evolution,""
0000234,198,Murkrow,2,DARK,FLYING,NShadeLv,Peck2,000,0,000,No,2,"Wild ",""
0000236,200,Misdreavus,2,GHOST,NONE,Astonish2,CRay0,000,0,000,No,2,"Wild ",""
0000238,201,Unown,1,PSYCHIC,NONE,HPower2,000,000,0,000,No,2,"Wild ",""
"",202,Wobbuffet,3,PSYCHIC,NONE,MCoat0,Counter0,000,0,000,No,2,"Wild ",""
"",203,Girafarig,2,NORMAL,PSYCHIC,Confusion2,Tackle2,000,0,000,No,2,"Wild ",""
"",204,Pineco,2,BUG,NONE,RapidSpin1,Protect0,000,2,205,No,2,"Wild ",""
"",205,Forretress,4,BUG,STEEL,HeavySlam,Spikes0,000,0,000,No,2,"Wild ",""
"",205,Forretress,4,BUG,STEEL,HeavySlam,Spikes0,000,0,000,No,2,Evolution,""
"",206,Dunsparce,2,NORMAL,NONE,Apower2,Glare0,000,0,000,No,2,"Wild ",""
0000239,207,Gligar,2,GROUND,FLYING,PoSting1,MSlap2,000,0,000,No,2,"Wild ",""
0000241,209,Snubbull,2,FAIRY,NONE,Lick1,Bite2,000,1,210,No,2,"Wild ",""
0000242,210,Granbull,3,FAIRY,NONE,PlRough3,Headbutt2,000,0,000,No,2,"Wild ",""
0000242,210,Granbull,3,FAIRY,NONE,PlRough3,Headbutt2,000,0,000,No,2,Evolution,""
"",211,Qwilfish,3,WATER,POISON,PinMissile1,Scald3,000,0,000,No,2,"Wild ",""
"",213,Shuckle,4,BUG,ROCK,RoThrow2,Safeguard0,000,0,000,No,2,"Wild ",""
0000243,214,Heracross,4,BUG,FIGHTING,BrickBreak3,HAttack2,000,0,M214,Yes,2,"Wild ",""
0000244,M214,"Mega Heracross",5,BUG,NONE,SBug2,FoBlast4,000,0,214,Yes,2,Mega,""
0000245,215,Sneasel,3,DARK,ICE,FSwipes1,HoneClaws0,000,0,000,No,2,"Wild ",""
0000247,216,Teddiursa,1,NORMAL,NONE,Scratch2,Lick1,000,2,217,No,2,"Wild ",""
0000248,217,Ursaring,3,NORMAL,NONE,HArm2,Slash3,000,0,000,No,2,"Wild ",""
0000248,217,Ursaring,3,NORMAL,NONE,HArm2,Slash3,000,0,000,No,2,Evolution,""
"",218,Slugma,1,FIRE,NONE,Ember2,Smog1,000,2,219,No,2,"Wild ",""
"",219,Magcargo,3,FIRE,ROCK,LaPlume3,RoThrow2,000,0,000,No,2,"Wild ",""
"",219,Magcargo,3,FIRE,ROCK,LaPlume3,RoThrow2,000,0,000,No,2,Evolution,""
"",220,Swinub,1,ICE,GROUND,Tackle1,Mist0,000,2,221,No,2,"Wild ",""
"",221,Piloswine,3,ICE,GROUND,IFang3,Apower2,000,0,000,No,2,"Wild ",""
"",221,Piloswine,3,ICE,GROUND,IFang3,Apower2,000,0,000,No,2,Evolution,""
"",222,Corsola,3,WATER,ROCK,Apower3,WaGun2,000,0,000,No,2,"Wild ",""
"",223,Remoraid,2,WATER,NONE,Psybeam2,WaGun2,000,2,224,No,2,"Wild ",""
"",224,Octillery,4,WATER,NONE,Octazooka3,IBeam2,000,0,000,No,2,"Wild ",""
"",224,Octillery,4,WATER,NONE,Octazooka3,IBeam2,000,0,000,No,2,Evolution,""
"",225,Delibird,2,ICE,FLYING,Present2,000,000,0,000,No,2,"Wild ",""
"",226,Mantine,4,WATER,FLYING,WaPulse3,WiAttack3,000,0,000,No,2,"Wild ",""
0000249,227,Skamory,3,STEEL,FLYING,StWing3,Peck2,000,0,000,No,2,"Wild ",""
0000250,228,Houndour,2,DARK,FIRE,Ember2,Smog1,000,2,229,No,2,"Wild ",""
0000251,229,Houndoom,4,DARK,FIRE,Flamethrower3,Crunch3,000,0,M229,Yes,2,"Wild ",""
0000251,229,Houndoom,4,DARK,FIRE,Flamethrower3,Crunch3,000,0,M229,Yes,2,Evolution,""
0000252,M229,"Mega Houndoom",5,DARK,NONE,DPulse3,Inferno3,000,0,229,Yes,2,Mega,""
0000252,M229,"Mega Houndoom",5,DARK,NONE,DPulse3,Inferno3,000,0,229,Yes,2,Mega,""
"",231,Phanpy,2,GROUND,NONE,Rollout1,Slam2,000,2,232,"",2,"Wild ",""
"",232,Donphan,4,GROUND,NONE,RoThrow2,Earthquake3,000,0,000,No,2,"Wild ",""
"",232,Donphan,4,GROUND,NONE,RoThrow2,Earthquake3,000,0,000,No,2,Evolution,""
"",234,Stantler,3,NORMAL,NONE,Hypnosis0,Tackle2,000,0,000,No,2,"Wild ",""
"",325,Smeargle,2,NORMAL,NONE,Sketch,Sketch,000,0,000,No,2,"Wild ",""
"",241,Milktank,4,NORMAL,NONE,PlRough3,BSlam3,000,0,000,No,2,"Wild ",""
0000253,243,Raikou,7,ELECTRIC,NONE,Thunder4,Crunch2,000,0,000,No,2,"Wild ",""
0000254,244,Entei,7,FIRE,NONE,Extrasensory2,Eruption4,000,0,000,No,2,"Wild ",""
0000255,245,Suicune,7,WATER,NONE,IFang2,HPump4,000,0,000,No,2,"Wild ",""
0000256,246,Larvitar,2,ROCK,GROUND,RoThrow2,Tackle1,000,2,247,No,2,"Wild ",""
0000257,247,Pupitar,4,ROCK,GROUND,Stomping3,RoSlide3,000,3,248,No,2,"Wild ",""
0000257,247,Pupitar,4,ROCK,GROUND,Stomping3,RoSlide3,000,3,248,No,2,Evolution,""
0000258,248,Tyranitar,7,ROCK,DARK,RoSlide3,DPulse3,000,0,M248,Yes,2,"Wild ",""
0000258,248,Tyranitar,7,ROCK,DARK,RoSlide3,DPulse3,000,0,M248,Yes,2,Evolution,""
0000258,248,Tyranitar,7,ROCK,DARK,RoSlide3,DPulse3,000,0,M248,Yes,2,Evolution,""
0000259,M248,"Mega Tyranitar",7,ROCK,NONE,SEdge3,Earthquake2,000,0,248,Yes,2,Mega,""
0000259,M248,"Mega Tyranitar",7,ROCK,NONE,SEdge3,Earthquake2,000,0,248,Yes,2,Mega,""
0000260,249,Lugia,7,PSYCHIC,FLYING,FSight4,ABlast3,000,0,000,No,2,"Wild ",""
0000261,250,Ho-oh,7,FIRE,FLYING,SkAttack4,SaFire3,000,0,000,No,2,"Wild ",""
0000262,251,Celebi,7,PSYCHIC,GRASS,MLeaf3,FSight4,000,0,000,No,2,Wild,""
